USE Pokedex;

INSERT INTO Types VALUES
	("Normal",1,1,1,1,1,1,1,1,1,1,1,1,0.5,0,1,1,0.5,1),
    ("Fire",1,0.5,0.5,1,2,2,1,1,1,1,1,2,0.5,1,0.5,1,2,1),
    ("Water",1,2,0.5,1,.5,1,1,1,2,1,1,1,2,1,0.5,1,1, 1),
    ("Electric",1,1,2,0.5,.5,1,1,1,0,2,1,1,1,1,0.5,1,1, 1),
    ("Grass",1,0.5,2,1,0.5,1,1,0.5,2,.05,1,0.5,2,1,0.5,1,0.5, 1),
    ("Ice",1,0.5,0.5,1,2,.5,1,1,2,2,1,1,1,1,2,1,0.5, 1),
    ("Fighting",2,1,1,1,1,2,1,0.5,1,0.5,0.5,0.5,2,0,1,2,2,0.5),
    ("Poison",1,1,1,1,2,1,1,0.5, .05, 1, 1, 1, 0.5, 0.5, 1, 1, 0, 2),
    ("Ground",1, 2, 1, 2, 0.5, 1, 1, 2, 1, 0, 1, 0.5, 2, 1, 1, 1, 2, 1),
    ("Flying",1, 1, 1, 0.5, 2, 1, 2, 1, 1, 1, 1, 2, 0.5, 1, 1, 1, 0.5, 1),
    ("Psychic",1,1, 1, 1, 1, 1, 2, 2, 1, 1, 0.5, 1, 1, 1, 1, 0, 0.5, 1),
    ("Bug",1,0.5, 1, 1, 2, 1, 0.5, 0.5, 1, 0.5, 2, 1 , 1, 0.5, 1, 2, 0.5, 0.5),
    ("Rock",1,2, 1, 1, 1, 2, 0.5, 1, 0.5, 2, 1, 2, 1, 1, 1, 1, 0.5, 1),
    ("Ghost",0,1,1,1,1,1,1,1,1,1,2,1,1,2,1,0.5,1, 1),
	("Dragon",1,1,1,1,1,1,1,1,1,1,1,1,1,1,2,1,0.5, 0),
    ("Dark",1,1,1,1,1,1,.5,1,1,1,2,1,1,2,1,0.5,1,0.5),
    ("Steel",1,0.5, 0.5, 0.5, 1, 2, 1, 1, 1, 1, 1, 1, 2, 1, 1, 1, 0.5, 2),
    ("Fairy",1,0.5, 1, 1, 1, 1, 2, 0.5, 1, 1, 1, 1, 1, 1, 2, 2, 0.5, 1);
    
INSERT INTO Abilities values
	("Overgrow", "Ups Grass moves in a pinch."),
    ("Chlorophyll", "Raises Speed in sunshine."),
    ("Blaze", "Ups Fire moves in a pinch."),
    ("Solar Power", "Boosts Sp. Atk, but lowers HP in sunshine."),
    ("Torrent","Ups Water moves in a pinch."),
    ("Rain Dish", "Slight HP recovery in rain."),
    ("Shield Dust", "Prevents added effects."),
    ("Run Away", "Makes escaping easier."),
    ("Shed Skin","Heals the body by shedding."),
    ("Compound Eyes", "Raises accuracy"),
    ("Tinted Lens", "oubles the power of this Pokémon's \"not very effective\" attacks."),
    ("Swarm", "Ups Bug moves in a pinch."),
    ("Sniper", "Powers up moves if they become critical hits"),
    ("Keen Eye", "Prevents loss of accuracy."), 
    ("Tangled Feet", "Raises evasion if Pokémon is confused."),
    ("Big Pecks", "Protects the Pokémon from Defense-lowering attacks."),
    ("Guts", "Ups Attack if suffering."),
    ("Hustle", "Trades accuracy for power."),
    ("Intimidate", "Lowers the foe's Attack.");

INSERT INTO pokemon VALUES
    (1, "Bulbasaur", "Grass", "Poison", "Overgrow", "Chlorophyll", NULL),
	(2, "Ivysaur", "Grass", "Poison", "Overgrow", "Chlorophyll", NULL),
    (3, "Venusaur", "Grass", "Poison", "Overgrow", "Chlorophyll", NULL),
    (4, "Charmander", "Fire", NULL, "Blaze", "Solar Power", NULL),
    (5, "Charmeleon", "Fire", NULL, "Blaze", "Solar Power", NULL),
    (6, "Charizard", "Fire", "Flying", "Blaze", "Solar Power", NULL),
    (7, "Squirtle", "Water", NULL, "Torrent", "Rain Dish", null),
    (8, "Wartortle", "Water", NULL, "Torrent", "Rain Dish", null),
    (9, "Blastoise", "Water", NULL, "Torrent", "Rain Dish", null),
    (10, "Caterpie", "Bug",  NULL, "Shield Dust", "Run Away", NULL),
    (11, "Metapod", "Bug", NULL, "Shed Skin", NULL, NULL),
    (12, "Butterfree", "Bug", "Flying", "Compound Eyes", "Tinted Lens", NULL),
    (13, "Weedle", "Bug",  "Posion", "Shield Dust", "Run Away", NULL),
    (14, "Metapod", "Bug", "Posion", "Shed Skin", NULL, NULL),
    (15, "Butterfree", "Bug", "Posion", "Swarm", "Sniper", NULL),
    (16, "Pidgey", "Normal", "Flying", "Keen Eye", "Tangled Feet", "Big Pecks");

INSERT INTO Base_Stats values
	(1, 45, 49, 46, 65, 65, 45),
    (2, 60, 62, 63, 80, 80, 60),
    (3, 80, 82, 83, 100, 100, 80),
    (4, 39, 52, 43, 60, 50, 65),
    (5, 58, 63, 58, 80, 65, 80),
    (6, 78, 84,78, 109, 85, 100),
    (7, 44, 48, 65, 50, 64, 43),
    (8, 59, 63, 80, 65, 80, 58),
    (9, 79, 83, 100, 85, 105, 78),
    (10, 45, 30, 35, 20, 20, 45),
    (11, 50, 20, 55, 25, 25, 30),
    (12, 60, 45, 50, 90, 80, 70),
    (13, 40, 35, 30, 20, 20, 50),
    (14, 45, 25, 50, 25, 25, 35),
    (15, 65, 80, 40, 45, 80, 75),
    (16, 40, 45, 40, 35, 35, 56);
    
INSERT INTO EV VALUES
	(1, 0, 0, 0, 1, 0, 0),
	(2, 0, 0, 0, 1, 1, 0),
	(3, 0, 0, 0, 2, 1, 0),
	(4, 0, 0, 0, 0, 0, 1),
	(5, 0, 0, 0, 1, 0, 1),
	(6, 0, 0, 0, 3, 0, 0),
	(7, 0, 0, 1, 0, 0, 0),
	(8, 0, 0, 1, 0, 1, 0),
	(9, 0, 0, 0, 0, 3, 0),
	(10, 1, 0, 0, 0, 0, 0),
	(11, 0, 0, 2, 0, 0, 0),
	(12, 0, 0, 0, 2, 1, 0),
	(13, 0, 0, 0, 0, 0, 1),
	(14, 0, 0, 2, 0, 0, 0),
	(15, 0, 2, 0, 0, 1, 0),
	(16, 0, 0, 0, 0, 0, 1);
    
INSERT INTO Images VALUES
	(1, "https://cdn.bulbagarden.net/upload/thumb/2/21/001Bulbasaur.png/375px-001Bulbasaur.png"),
    (2, "https://cdn.bulbagarden.net/upload/thumb/7/73/002Ivysaur.png/375px-002Ivysaur.png"),
    (3, "https://cdn.bulbagarden.net/upload/thumb/a/ae/003Venusaur.png/375px-003Venusaur.png"),
    (4, "https://cdn.bulbagarden.net/upload/thumb/7/73/004Charmander.png/375px-004Charmander.png"),
    (5, "https://cdn.bulbagarden.net/upload/thumb/4/4a/005Charmeleon.png/375px-005Charmeleon.png"),
    (6, "https://cdn.bulbagarden.net/upload/thumb/7/7e/006Charizard.png/375px-006Charizard.png"),
    (7, "https://cdn.bulbagarden.net/upload/thumb/3/39/007Squirtle.png/375px-007Squirtle.png"),
    (8, "https://cdn.bulbagarden.net/upload/thumb/0/0c/008Wartortle.png/375px-008Wartortle.png"),
    (9, "https://cdn.bulbagarden.net/upload/thumb/0/02/009Blastoise.png/375px-009Blastoise.png"),
    (10, "https://cdn.bulbagarden.net/upload/thumb/5/5d/010Caterpie.png/375px-010Caterpie.png"),
    (11, "https://cdn.bulbagarden.net/upload/thumb/c/cd/011Metapod.png/375px-011Metapod.png"),
    (12, "https://cdn.bulbagarden.net/upload/thumb/d/d1/012Butterfree.png/375px-012Butterfree.png"),
    (13, "https://cdn.bulbagarden.net/upload/thumb/d/df/013Weedle.png/375px-013Weedle.png"),
    (14, "https://cdn.bulbagarden.net/upload/thumb/f/f0/014Kakuna.png/375px-014Kakuna.png"),
    (15, "https://cdn.bulbagarden.net/upload/thumb/6/61/015Beedrill.png/375px-015Beedrill.png"),
    (16, "https://cdn.bulbagarden.net/upload/thumb/5/55/016Pidgey.png/375px-016Pidgey.png");
    
INSERT INTO move_descriptions VALUES
	(1, "Tackle", "Normal", 35, 95, "No extra effect."),
    (2, "Growl", "Normal", 0, 100, "Lowers attack slightly."),
    (3, "Scratch", "Normal", 40, 100, "No extra effect."),
    (4, "Leer", "Normal", 0, 100, "Lowers defence slighly."),
    (5, "Vine Whip", "Grass", 35, 100, "No extra effect."),
    (6, "Ember", "Fire", 40, 100, "Small chance of burn."),
    (7, "Water Gun", "Water", 40, 100, "No extra effect."),
    (8, "Harden", "Normal", 0, 0, "Increases defenses slightly."),
    (9, "Poison Powder", "Poison", 0, 75, "Poisons the enemy."),
    (10, "Confusion", "Psychic", 50, 100, "Small chance of confusion."),
    (11, "Twin Needle", "Bug", 25, 100, "May hit 2-5 times."),
    (12, "Focus Puch", "Fighting", 150, 100, "Takes 2 turns to execute."),
    (13, "Dragon Claw", "Dragon", 85, 100, "No extra effects."),
    (14, "Water Pulse", "Water", 65, 100, "Small chance of confusing the enemy."),
    (15, "Surf", "Water", 95, 100, "No extra effects."),
    (16, "Cut", "Normal", 50, 100, "No extra effects."),
    (17, "Rock Smash", "Fighting", 35, 100, "No extra effects."),
    (18, "Aerial Ace", "Flying", 65, 100, "Never misses."),
    (19, "Earthquake", "Ground", 100, 100, "Double damage to undergronud enemies"),
    (20, "Hyper Beam", "Normal", 150, 100, "Needs to recharge after use."),
    (21, "Grass Pledge", "Grass", 80, 100, "Powers-up the other type pledge moves."),
    (22, "Fire Pledge", "Fire", 80, 100, "Powers-up the other type pledge moves."),
    (23, "Water Pledge", "Water", 80, 100, "Powers-up the other type pledge moves."),
	(24, "Uproar", "Normal", 80, 100, "Does not allow sleep.");
    
INSERT INTO moves_by_leveling VALUES
	(1, 1, 1),
    (1, 2, 1), 
    (4, 3, 1),
    (4, 2, 1),
    (7, 1, 1),
    (7, 4, 1),
    (10, 1, 1),
    (13, 1, 1),
    (1, 5, 10),
    (4, 6, 10),
    (7, 7, 10),
    (11, 8, 1),
    (14, 8, 1),
    (12, 10, 8),
    (13, 11, 8);

INSERT INTO moves_by_tm_or_hm VALUES
	(3, 20, "TM15"),
	(6, 20, "TM15"),
    (9, 20, "TM15"),
    (12, 20, "TM15"),
    (15, 20, "TM15"),
    (4, 12, "TM01"),
    (5, 12, "TM01"),
    (6, 12, "TM01"),
    (7, 14, "TM03"),
    (8, 14, "TM03"),
	(9, 14, "TM03"),
	(7, 15, "HM03"),
    (8, 15, "HM03"),
	(9, 15, "hM03"),
    (3, 19, "TM26"),
    (1, 16, "HM01");
    
INSERT INTO moves_by_tutor VALUES
	(1, 21), 
    (2, 21), 
    (3, 21),
    (4, 22),
    (5, 22),
    (6, 22),
    (7, 23),
    (8, 23),
    (9, 23),
    (16, 24);
    
